Source,Target,Weight,Layer,gender,Year,
Abraham,Clarkesville,1,sanctioned_travel,1,1852,
Abraham,"Off Plantation, Unspecified",1,escape_attempt,1,1853,
Abraham,"Off Plantation, Unspecified",44,escape_attempt,1,1861,
Abraham,"Off Plantation, Unspecified",1,sanctioned_travel,1,1856,
Abraham,Plantation Core,1,agri_labor,1,1853,
Abraham,Plantation Core,39,healthcare,1,1852,
Abraham,Plantation Core,13,healthcare,1,1853,
Abraham,Plantation Core,27,healthcare,1,1854,
Abraham,Plantation Core,20,healthcare,1,1855,
Abraham,Plantation Core,43,healthcare,1,1856,
Abraham,Plantation Core,16,healthcare,1,1857,
Abraham,Plantation Core,10,healthcare,1,1858,
Abraham,Plantation Core,9,healthcare,1,1859,
Abraham,Plantation Core,17,healthcare,1,1860,
Abraham,Plantation Core,12,healthcare,1,1861,
Abraham,Plantation Core,3,maintenance,1,1855,
Abraham,Plantation Core,1,punishment,1,1861,
Abraham,Sassafras Field,2,maintenance,1,1861,
Alice,Bartley Field,17,agri_labor,0,1851,
Alice,Cope Field,6,agri_labor,0,1851,
Alice,Home Field,1,maintenance,0,1850,
Alice,Morel New Ground Field,9,agri_labor,0,1851,
Alice,"Off Plantation, Unspecified",1,sanctioned_travel,0,1856,
Alice,"On Plantation, Unspecified",1,maintenance,0,1849,
Alice,Plantation Core,1,agri_labor,0,1853,
Alice,Plantation Core,8,domestic_labor,0,1855,
Alice,Plantation Core,1,domestic_labor,0,1858,
Alice,Plantation Core,10,domestic_labor,0,1861,
Alice,Plantation Core,8,healthcare,0,1849,
Alice,Plantation Core,52,healthcare,0,1850,
Alice,Plantation Core,41,healthcare,0,1851,
Alice,Plantation Core,51,healthcare,0,1852,
Alice,Plantation Core,87,healthcare,0,1853,
Alice,Plantation Core,61,healthcare,0,1854,
Alice,Plantation Core,29,healthcare,0,1855,
Alice,Plantation Core,24,healthcare,0,1856,
Alice,Plantation Core,19,healthcare,0,1857,
Alice,Plantation Core,7,healthcare,0,1859,
Alice,Plantation Core,53,healthcare,0,1860,
Alice,Plantation Core,36,healthcare,0,1861,
Alice,Plantation Core,4,maintenance,0,1855,
Alice,Plantation Core,1,market_labor,0,1855,
Alice,Plantation Core,1,punishment,0,1852,
Alice,Plantation Core,1,punishment,0,1853,
Alice,Plantation Core,1,unscheduled_time,0,1857,
Alice,Sassafras Field,32,agri_labor,0,1851,
Alice,Savannah,1,healthcare,0,1853,
Alice,Savannah,1,sanctioned_travel,0,1853,
Alice,Savannah,3,sanctioned_travel,0,1857,
Alice,Savannah,3,unscheduled_time,0,1855,
Alice,White Bluff,1,healthcare,0,1858,
Alice,White Bluff,1,sanctioned_travel,0,1857,
Alice,White Bluff,1,sanctioned_travel,0,1861,
Amelia,Plantation Core,7,healthcare,0,1853,
Amelia,Plantation Core,4,healthcare,0,1854,
Amelia,Plantation Core,1,healthcare,0,1855,
Amelia,Plantation Core,5,healthcare,0,1856,
Amelia,Plantation Core,28,healthcare,0,1858,
Amelia,Plantation Core,1,healthcare,0,1861,
Amelia,White Bluff,1,domestic_labor,0,1856,
Amelia,White Bluff,1,sanctioned_travel,0,1856,
Amelia,White Bluff,1,sanctioned_travel,0,1858,
Andrew,Bartley Field,14,agri_labor,1,1851,
Andrew,Cope Field,10,agri_labor,1,1851,
Andrew,Morel New Ground Field,14,agri_labor,1,1851,
Andrew,"On Plantation, Unspecified",1,maintenance,1,1849,
Andrew,"On Plantation, Unspecified",1,maintenance,1,1850,
Andrew,Plantation Core,2,agri_labor,1,1853,
Andrew,Plantation Core,9,healthcare,1,1849,
Andrew,Plantation Core,13,healthcare,1,1850,
Andrew,Plantation Core,20,healthcare,1,1851,
Andrew,Plantation Core,37,healthcare,1,1852,
Andrew,Plantation Core,45,healthcare,1,1853,
Andrew,Plantation Core,50,healthcare,1,1854,
Andrew,Plantation Core,62,healthcare,1,1855,
Andrew,Plantation Core,65,healthcare,1,1856,
Andrew,Plantation Core,33,healthcare,1,1857,
Andrew,Plantation Core,26,healthcare,1,1858,
Andrew,Plantation Core,8,healthcare,1,1859,
Andrew,Plantation Core,15,healthcare,1,1860,
Andrew,Plantation Core,7,healthcare,1,1861,
Andrew,Plantation Core,6,maintenance,1,1855,
Andrew,Plantation Core,1,market_labor,1,1855,
Andrew,Sassafras Field,32,agri_labor,1,1851,
Beck,Bartley Field,13,agri_labor,0,1851,
Beck,Clarkesville,3,healthcare,0,1852,
Beck,Cope Field,6,agri_labor,0,1851,
Beck,Morel New Ground Field,8,agri_labor,0,1851,
Beck,Plantation Core,2,agri_labor,0,1853,
Beck,Plantation Core,310,domestic_labor,0,1858,
Beck,Plantation Core,308,domestic_labor,0,1859,
Beck,Plantation Core,309,domestic_labor,0,1860,
Beck,Plantation Core,1,domestic_labor,0,1861,
Beck,Plantation Core,17,healthcare,0,1849,
Beck,Plantation Core,24,healthcare,0,1850,
Beck,Plantation Core,30,healthcare,0,1851,
Beck,Plantation Core,16,healthcare,0,1852,
Beck,Plantation Core,27,healthcare,0,1853,
Beck,Plantation Core,93,healthcare,0,1854,
Beck,Plantation Core,7,healthcare,0,1855,
Beck,Plantation Core,5,healthcare,0,1856,
Beck,Plantation Core,22,healthcare,0,1857,
Beck,Plantation Core,2,healthcare,0,1858,
Beck,Plantation Core,3,healthcare,0,1859,
Beck,Plantation Core,2,healthcare,0,1860,
Beck,Plantation Core,1,maintenance,0,1850,
Beck,Plantation Core,3,maintenance,0,1855,
Beck,Plantation Core,1,market_labor,0,1855,
Beck,Plantation Core,1,sanctioned_travel,0,1858,
Beck,Sassafras Field,28,agri_labor,0,1851,
Beck,Savannah,5,healthcare,0,1857,
Beck,Savannah,1,sanctioned_travel,0,1857,
Beck,Savannah,3,sanctioned_travel,0,1858,
Beck,White Bluff,1,sanctioned_travel,0,1858,
Beck,White Bluff,46,sanctioned_travel,0,1860,
Betsy,Bartley Field,15,agri_labor,0,1851,
Betsy,Cope Field,9,agri_labor,0,1851,
Betsy,Maple Swamp,1,maintenance,0,1861,
Betsy,Morel New Ground Field,12,agri_labor,0,1851,
Betsy,"Off Plantation, Unspecified",3,escape_attempt,0,1861,
Betsy,"On Plantation, Unspecified",1,maintenance,0,1861,
Betsy,Plantation Core,2,agri_labor,0,1853,
Betsy,Plantation Core,11,healthcare,0,1849,
Betsy,Plantation Core,16,healthcare,0,1850,
Betsy,Plantation Core,40,healthcare,0,1851,
Betsy,Plantation Core,86,healthcare,0,1852,
Betsy,Plantation Core,45,healthcare,0,1853,
Betsy,Plantation Core,25,healthcare,0,1854,
Betsy,Plantation Core,5,healthcare,0,1855,
Betsy,Plantation Core,37,healthcare,0,1856,
Betsy,Plantation Core,42,healthcare,0,1857,
Betsy,Plantation Core,22,healthcare,0,1858,
Betsy,Plantation Core,41,healthcare,0,1859,
Betsy,Plantation Core,34,healthcare,0,1860,
Betsy,Plantation Core,30,healthcare,0,1861,
Betsy,Plantation Core,4,maintenance,0,1855,
Betsy,Plantation Core,1,punishment,0,1853,
Betsy,Plantation Core,1,sanctioned_travel,0,1858,
Betsy,Plantation Core,1,sanctioned_travel,0,1861,
Betsy,Plantation Core,1,unscheduled_time,0,1855,
Betsy,Sassafras Field,33,agri_labor,0,1851,
Betsy,Savannah,2,healthcare,0,1852,
Betsy,Savannah,73,sanctioned_travel,0,1855,
Betsy,Savannah,3,sanctioned_travel,0,1858,
Betsy,Savannah,4,unscheduled_time,0,1855,
Betsy,White Bluff,1,healthcare,0,1856,
Betsy,White Bluff,1,healthcare,0,1859,
Betsy,White Bluff,2,healthcare,0,1861,
Betsy,White Bluff,1,sanctioned_travel,0,1852,
Betsy,White Bluff,1,sanctioned_travel,0,1856,
Betsy,White Bluff,1,sanctioned_travel,0,1858,
Betsy,White Bluff,4,sanctioned_travel,0,1861,
Big Jim,Bartley Field,16,agri_labor,1,1851,
Big Jim,Bartley Field,1,healthcare,1,1851,
Big Jim,Cope Field,9,agri_labor,1,1851,
Big Jim,Morel New Ground Field,12,agri_labor,1,1851,
Big Jim,"Off Island, Unspecified",9,sanctioned_travel,1,1849,
Big Jim,"On Plantation, Unspecified",2,maintenance,1,1850,
Big Jim,Plantation Core,5,healthcare,1,1849,
Big Jim,Plantation Core,30,healthcare,1,1850,
Big Jim,Plantation Core,37,healthcare,1,1851,
Big Jim,Plantation Core,2,healthcare,1,1852,
Big Jim,Plantation Core,28,healthcare,1,1852,
Big Jim,Plantation Core,29,healthcare,1,1853,
Big Jim,Plantation Core,8,healthcare,1,1853,
Big Jim,Plantation Core,53,healthcare,1,1854,
Big Jim,Plantation Core,1,healthcare,1,1854,
Big Jim,Plantation Core,29,healthcare,1,1855,
Big Jim,Plantation Core,3,healthcare,1,1856,
Big Jim,Plantation Core,16,healthcare,1,1856,
Big Jim,Plantation Core,1,maintenance,1,1850,
Big Jim,Plantation Core,1,maintenance,1,1853,
Big Jim,Plantation Core,1,market_labor,1,1852,
Big Jim,Plantation Core,16,market_labor,1,1853,
Big Jim,Plantation Core,26,market_labor,1,1854,
Big Jim,Plantation Core,1,market_labor,1,1855,
Big Jim,Sassafras Field,29,agri_labor,1,1851,
Big Jim,Sassafras Field,2,healthcare,1,1851,
Big Jim,Savannah,25,healthcare,1,1851,
Big Jim,Savannah,1,healthcare,1,1853,
Big Jim,Savannah,1,healthcare,1,1855,
Big Jim,Savannah,1,sanctioned_travel,1,1850,
Big Jim,Savannah,1,sanctioned_travel,1,1851,
Big Jim,Savannah,3,sanctioned_travel,1,1855,
Big Ned,Bartley Field,13,agri_labor,1,1851,
Big Ned,Clarkesville,1,sanctioned_travel,1,1854,
Big Ned,Cope Field,9,agri_labor,1,1851,
Big Ned,Marsh Field,1,maintenance,1,1861,
Big Ned,Morel New Ground Field,12,agri_labor,1,1851,
Big Ned,"Off Plantation, Unspecified",47,escape_attempt,1,1853,
Big Ned,"On Plantation, Unspecified",3,maintenance,1,1861,
Big Ned,Plantation Core,1,escape_attempt,1,1853,
Big Ned,Plantation Core,2,healthcare,1,1849,
Big Ned,Plantation Core,11,healthcare,1,1850,
Big Ned,Plantation Core,12,healthcare,1,1851,
Big Ned,Plantation Core,12,healthcare,1,1852,
Big Ned,Plantation Core,4,healthcare,1,1853,
Big Ned,Plantation Core,15,healthcare,1,1854,
Big Ned,Plantation Core,16,healthcare,1,1855,
Big Ned,Plantation Core,15,healthcare,1,1856,
Big Ned,Plantation Core,11,healthcare,1,1857,
Big Ned,Plantation Core,1,healthcare,1,1858,
Big Ned,Plantation Core,5,healthcare,1,1859,
Big Ned,Plantation Core,21,healthcare,1,1860,
Big Ned,Plantation Core,11,healthcare,1,1861,
Big Ned,Plantation Core,1,maintenance,1,1850,
Big Ned,Plantation Core,1,maintenance,1,1851,
Big Ned,Plantation Core,3,maintenance,1,1855,
Big Ned,Plantation Core,9,market_labor,1,1853,
Big Ned,Plantation Core,18,market_labor,1,1861,
Big Ned,Plantation Core,10,punishment,1,1853,
Big Ned,Plantation Core,2,punishment,1,1861,
Big Ned,Plantation Core,1,sanctioned_travel,1,1852,
Big Ned,Plantation Core,1,sanctioned_travel,1,1853,
Big Ned,Plantation Core,2,sanctioned_travel,1,1861,
Big Ned,Plantation Core,1,unscheduled_time,1,1857,
Big Ned,Sassafras Field,34,agri_labor,1,1851,
Big Ned,Sassafras Field,1,maintenance,1,1861,
Big Ned,Savannah,3,sanctioned_travel,1,1856,
Big Ned,Savannah,3,unscheduled_time,1,1857,
Big Ned,Warsaw Island,1,sanctioned_travel,1,1861,
Big Ned,White Bluff,1,sanctioned_travel,1,1852,
Big Ned,White Bluff,2,sanctioned_travel,1,1856,
Big Ned,White Bluff,1,sanctioned_travel,1,1857,
Big Ned,White Bluff,1,sanctioned_travel,1,1861,
Big Ned,White Bluff,1,unscheduled_time,1,1857,
Binah,Bartley Field,14,agri_labor,0,1851,
Binah,Cope Field,9,agri_labor,0,1851,
Binah,Morel New Ground Field,11,agri_labor,0,1851,
Binah,Plantation Core,2,healthcare,0,1849,
Binah,Plantation Core,8,healthcare,0,1850,
Binah,Plantation Core,3,healthcare,0,1851,
Binah,Plantation Core,11,healthcare,0,1852,
Binah,Plantation Core,1,healthcare,0,1853,
Binah,Plantation Core,14,healthcare,0,1854,
Binah,Plantation Core,8,healthcare,0,1855,
Binah,Plantation Core,14,healthcare,0,1856,
Binah,Plantation Core,82,healthcare,0,1857,
Binah,Plantation Core,14,healthcare,0,1858,
Binah,Plantation Core,14,healthcare,0,1859,
Binah,Plantation Core,13,healthcare,0,1860,
Binah,Plantation Core,2,maintenance,0,1855,
Binah,Plantation Core,1,market_labor,0,1855,
Binah,Plantation Core,1,sanctioned_travel,0,1857,
Binah,plantation Core,1,sanctioned_travel,0,1861,
Binah,Plantation Core,1,unscheduled_time,0,1857,
Binah,Plantation Core ,16,healthcare,0,1861,
Binah,Sassafras Field,26,agri_labor,0,1851,
Binah,Sassafras Field,2,healthcare,0,1851,
Binah,Savannah,1,sanctioned_travel,0,1856,
Binah,Savannah,3,unscheduled_time,0,1857,
Binah,White Bluff,1,sanctioned_travel,0,1857,
Bob,"Off Plantation, Unspecified",6,escape_attempt,1,1861,
Bob,"On Plantation, Unspecified",1,maintenance,1,1849,
Bob,Plantation Core,2,healthcare,1,1849,
Bob,Plantation Core,2,healthcare,1,1850,
Bob,Plantation Core,3,healthcare,1,1852,
Bob,Plantation Core,6,healthcare,1,1853,
Bob,Plantation Core,12,healthcare,1,1854,
Bob,Plantation Core,2,healthcare,1,1855,
Bob,Plantation Core,20,healthcare,1,1856,
Bob,Plantation Core,2,healthcare,1,1857,
Bob,Plantation Core,3,healthcare,1,1858,
Bob,Plantation Core,1,healthcare,1,1859,
Bob,Plantation Core,2,healthcare,1,1861,
Bob,Plantation Core,5,maintenance,1,1855,
Bob,Plantation Core,1,sanctioned_travel,1,1858,
Bob,Sassafras Field,1,maintenance,1,1861,
Bob,Savannah,15,healthcare,1,1855,
Bob,Savannah,2,sanctioned_travel,1,1855,
Bob,Savannah,5,sanctioned_travel,1,1856,
Bob,Savannah,3,sanctioned_travel,1,1858,
Bob,White Bluff,2,sanctioned_travel,1,1856,
Bob,White Bluff,1,sanctioned_travel,1,1858,
Carpenter Billy,"Off Island, Unspecified",1,sanctioned_travel,1,1849,
Carpenter Billy,"On Island, Unspecified",1,maintenance,1,1851,
Carpenter Billy,"On Plantation, Unspecified",52,maintenance,1,1849,
Carpenter Billy,"On Plantation, Unspecified",155,maintenance,1,1850,
Carpenter Billy,"On Plantation, Unspecified",157,maintenance,1,1851,
Carpenter Billy,"On Plantation, Unspecified",81,maintenance,1,1852,
Carpenter Billy,"On Plantation, Unspecified",177,maintenance,1,1853,
Carpenter Billy,"On Plantation, Unspecified",75,maintenance,1,1854,
Carpenter Billy,"On Plantation, Unspecified",227,maintenance,1,1855,
Carpenter Billy,"On Plantation, Unspecified",122,maintenance,1,1856,
Carpenter Billy,"On Plantation, Unspecified",145,maintenance,1,1857,
Carpenter Billy,"On Plantation, Unspecified",164,maintenance,1,1859,
Carpenter Billy,"On Plantation, Unspecified",258,maintenance,1,1860,
Carpenter Billy,"On Plantation, Unspecified",127,maintenance,1,1861,
Carpenter Billy,Plantation Core,1,healthcare,1,1849,
Carpenter Billy,Plantation Core,2,healthcare,1,1850,
Carpenter Billy,Plantation Core,1,healthcare,1,1851,
Carpenter Billy,Plantation Core,19,healthcare,1,1852,
Carpenter Billy,Plantation Core,119,healthcare,1,1853,
Carpenter Billy,Plantation Core,78,healthcare,1,1854,
Carpenter Billy,Plantation Core,13,healthcare,1,1855,
Carpenter Billy,Plantation Core,5,healthcare,1,1856,
Carpenter Billy,Plantation Core,4,healthcare,1,1857,
Carpenter Billy,Plantation Core,113,healthcare,1,1858,
Carpenter Billy,Plantation Core,4,healthcare,1,1859,
Carpenter Billy,Plantation Core,7,healthcare,1,1860,
Carpenter Billy,Plantation Core,8,healthcare,1,1861,
Carpenter Billy,Plantation Core,1,maintenance,1,1850,
Carpenter Billy,Plantation Core,1,maintenance,1,1851,
Carpenter Billy,Plantation Core,1,maintenance,1,1852,
Carpenter Billy,Plantation Core,12,maintenance,1,1855,
Carpenter Billy,Plantation Core,1,maintenance,1,1859,
Carpenter Billy,Plantation Core,2,market_labor,1,1850,
Carpenter Billy,Plantation Core,4,market_labor,1,1851,
Carpenter Billy,Plantation Core,1,sanctioned_travel,1,1849,
Carpenter Billy,Plantation Core,1,sanctioned_travel,1,1853,
Carpenter Billy,Plantation Core,1,sanctioned_travel,1,1861,
Carpenter Billy,Savannah,3,maintenance,1,1856,
Carpenter Billy,Savannah,1,sanctioned_travel,1,1853,
Carpenter Billy,Savannah,3,sanctioned_travel,1,1856,
Carpenter Billy,Savannah,3,unscheduled_time,1,1855,
Carpenter Billy,White Bluff,2,healthcare,1,1858,
Carpenter Billy,White Bluff,13,maintenance,1,1856,
Carpenter Billy,White Bluff,1,maintenance,1,1860,
Carpenter Billy,White Bluff,6,maintenance,1,1861,
Carpenter Billy,White Bluff,2,sanctioned_travel,1,1856,
Carpenter Billy,White Bluff,9,sanctioned_travel,1,1857,
Carpenter Billy,White Bluff,24,sanctioned_travel,1,1858,
Carpenter Billy,White Bluff,16,sanctioned_travel,1,1860,
Caty,Savannah,1,healthcare,0,1855,
Caty,Savannah,2,sanctioned_travel,0,1855,
Charlotte,"On Island, Unspecified",2,unscheduled_time,0,1857,
Charlotte,Plantation Core,5,domestic_labor,0,1861,
Charlotte,Plantation Core,28,healthcare,0,1852,
Charlotte,Plantation Core,15,healthcare,0,1853,
Charlotte,Plantation Core,35,healthcare,0,1854,
Charlotte,Plantation Core,24,healthcare,0,1855,
Charlotte,Plantation Core,24,healthcare,0,1856,
Charlotte,Plantation Core,45,healthcare,0,1857,
Charlotte,Plantation Core,48,healthcare,0,1858,
Charlotte,Plantation Core,37,healthcare,0,1859,
Charlotte,Plantation Core,26,healthcare,0,1860,
Charlotte,Plantation Core,56,healthcare,0,1861,
Charlotte,Plantation Core,2,maintenance,0,1855,
Charlotte,Plantation Core,1,market_labor,0,1855,
Charlotte,Savannah,1,sanctioned_travel,0,1859,
Charlotte,White Bluff,29,healthcare,0,1860,
Charlotte,White Bluff,6,sanctioned_travel,0,1860,
Chloe,Middle Place Plantation,1,sanctioned_travel,0,1860,
Christmas,"On Island, Unspecified",4,unscheduled_time,1,1851,
Christmas,"On Plantation, Unspecified",4,maintenance,1,1861,
Christmas,Plantation Core,4,healthcare,1,1849,
Christmas,Plantation Core,4,healthcare,1,1850,
Christmas,Plantation Core,12,healthcare,1,1851,
Christmas,Plantation Core,20,healthcare,1,1852,
Christmas,Plantation Core,16,healthcare,1,1853,
Christmas,Plantation Core,32,healthcare,1,1854,
Christmas,Plantation Core,13,healthcare,1,1855,
Christmas,Plantation Core,12,healthcare,1,1856,
Christmas,Plantation Core,30,healthcare,1,1857,
Christmas,Plantation Core,16,healthcare,1,1858,
Christmas,Plantation Core,6,healthcare,1,1859,
Christmas,Plantation Core,8,healthcare,1,1860,
Christmas,Plantation Core,8,healthcare,1,1861,
Christmas,Plantation Core,2,maintenance,1,1855,
Christmas,Plantation Core,1,market_labor,1,1850,
Christmas,Plantation Core,8,market_labor,1,1860,
Christmas,Plantation Core,2,sanctioned_travel,1,1857,
Christmas,Savannah,3,sanctioned_travel,1,1857,
Christmas,Savannah,2,unscheduled_time,1,1852,
Christmas,Savannah,4,unscheduled_time,1,1853,
Christmas,White Bluff,1,sanctioned_travel,1,1857,
Cornelia,Plantation Core,31,healthcare,0,1854,
Cornelia,Plantation Core,10,healthcare,0,1855,
Cornelia,Plantation Core,21,healthcare,0,1856,
Cornelia,Plantation Core,10,healthcare,0,1857,
Cornelia,Plantation Core,29,healthcare,0,1858,
Cornelia,Plantation Core,2,healthcare,0,1859,
Cornelia,plantation Core,1,healthcare,0,1859,
Cornelia,Plantation Core,23,healthcare,0,1860,
Cornelia,Plantation Core,34,healthcare,0,1861,
Cornelia,Plantation Core,4,maintenance,0,1855,
Cornelia,Plantation Core,1,market_labor,0,1855,
Cornelia,Savannah,3,sanctioned_travel,0,1856,
Cornelia,White Bluff,42,healthcare,0,1860,
Cornelia,White Bluff,2,sanctioned_travel,0,1856,
Cornelia,White Bluff,2,sanctioned_travel,0,1860,
Cornelia,White Bluff,1,sanctioned_travel,0,1861,
Cyrus,Bartley Field,10,agri_labor,1,1851,
Cyrus,Cope Field,8,agri_labor,1,1851,
Cyrus,Morel New Ground Field,9,agri_labor,1,1851,
Cyrus,North End Plantation,2,sanctioned_travel,1,1859,
Cyrus,"Off Plantation, Unspecified",3,escape_attempt,1,1861,
Cyrus,"On Plantation, Unspecified",3,agri_labor,1,1851,
Cyrus,Plantation Core,2,agri_labor,1,1853,
Cyrus,Plantation Core,23,healthcare,1,1850,
Cyrus,Plantation Core,9,healthcare,1,1851,
Cyrus,Plantation Core,15,healthcare,1,1852,
Cyrus,Plantation Core,8,healthcare,1,1853,
Cyrus,Plantation Core,20,healthcare,1,1854,
Cyrus,Plantation Core,19,healthcare,1,1855,
Cyrus,Plantation Core,28,healthcare,1,1856,
Cyrus,Plantation Core,12,healthcare,1,1857,
Cyrus,Plantation Core,14,healthcare,1,1858,
Cyrus,Plantation Core,9,healthcare,1,1860,
Cyrus,Plantation Core,15,healthcare,1,1861,
Cyrus,Plantation Core,8,maintenance,1,1855,
Cyrus,Plantation Core,1,maintenance,1,1858,
Cyrus,Plantation Core,1,market_labor,1,1850,
Cyrus,Plantation Core,1,market_labor,1,1855,
Cyrus,Plantation Core,3,market_labor,1,1860,
Cyrus,Plantation Core,1,sanctioned_travel,1,1857,
Cyrus,Plantation Core ,1,healthcare,1,1858,
Cyrus,Plantation Core ,10,healthcare,1,1859,
Cyrus,Sassafras Field,31,agri_labor,1,1851,
Cyrus,Sassafras Field,1,healthcare,1,1851,
Cyrus,Savannah,3,sanctioned_travel,1,1857,
Cyrus,White Bluff,3,maintenance,1,1858,
Cyrus,White Bluff,2,sanctioned_travel,1,1856,
Cyrus,White Bluff,1,sanctioned_travel,1,1857,
Cyrus,White Bluff,4,sanctioned_travel,1,1858,
Cyrus,White Bluff,2,sanctioned_travel,1,1859,
Dick,Green Island,1,healthcare,1,1861,
Dick,"Off Plantation, Unspecified",1,sanctioned_travel,1,1861,
Dick,Plantation Core,2,healthcare,1,1858,
Dick,Plantation Core,28,healthcare,1,1859,
Dick,Plantation Core,2,healthcare,1,1860,
Dick,Plantation Core,3,healthcare,1,1861,
Dick,Plantation Core,1,sanctioned_travel,1,1860,
Dick,Plantation Core,2,sanctioned_travel,1,1861,
Dick,White Bluff,1,healthcare,1,1859,
Dick,White Bluff,1,sanctioned_travel,1,1858,
Dick,White Bluff,4,sanctioned_travel,1,1859,
Dick,White Bluff,2,sanctioned_travel,1,1860,
Die,"On Plantation, Unspecified",1,healthcare,0,1849,
Die,Plantation Core,26,healthcare,0,1849,
Die,Rosedew Plantation,1,sanctioned_travel,0,1849,
Die,Savannah,2,healthcare,0,1849,
Die,Savannah,3,sanctioned_travel,0,1852,
Die,White Bluff,1,healthcare,0,1858,
Die,White Bluff,2,sanctioned_travel,0,1859,
Dolly,"On Plantation, Unspecified",4,agri_labor,0,1849,
Dolly,"On Plantation, Unspecified",4,maintenance,0,1849,
Dolly,Plantation Core,105,domestic_labor,0,1849,
Dolly,Plantation Core,281,domestic_labor,0,1850,
Dolly,Plantation Core,256,domestic_labor,0,1851,
Dolly,Plantation Core,1,healthcare,0,1849,
Dolly,Plantation Core,9,healthcare,0,1851,
Eleanor,Bartley Field,17,agri_labor,0,1851,
Eleanor,Clarkesville,1,sanctioned_travel,0,1860,
Eleanor,Cope Field,9,agri_labor,0,1851,
Eleanor,Home Field,1,maintenance,0,1850,
Eleanor,Morel New Ground Field,11,agri_labor,0,1851,
Eleanor,"Off Plantation, Unspecified",3,escape_attempt,0,1861,
Eleanor,"On Plantation, Unspecified",1,healthcare,0,1849,
Eleanor,Plantation Core,1,agri_labor,0,1853,
Eleanor,Plantation Core,1,domestic_labor,0,1850,
Eleanor,Plantation Core,1,domestic_labor,0,1858,
Eleanor,Plantation Core,1,domestic_labor,0,1861,
Eleanor,Plantation Core,4,healthcare,0,1849,
Eleanor,Plantation Core,29,healthcare,0,1850,
Eleanor,Plantation Core,9,healthcare,0,1851,
Eleanor,Plantation Core,34,healthcare,0,1852,
Eleanor,Plantation Core,37,healthcare,0,1853,
Eleanor,Plantation Core,19,healthcare,0,1854,
Eleanor,Plantation Core,28,healthcare,0,1855,
Eleanor,Plantation Core,46,healthcare,0,1856,
Eleanor,Plantation Core,5,healthcare,0,1857,
Eleanor,Plantation Core,39,healthcare,0,1858,
Eleanor,Plantation Core,2,healthcare,0,1859,
Eleanor,Plantation Core,5,healthcare,0,1860,
Eleanor,Plantation Core,27,healthcare,0,1861,
Eleanor,Plantation Core,2,maintenance,0,1855,
Eleanor,Plantation Core,1,market_labor,0,1855,
Eleanor,Plantation Core,1,punishment,0,1852,
Eleanor,Plantation Core,1,punishment,0,1853,
Eleanor,Plantation Core,1,sanctioned_travel,0,1861,
Eleanor,Sassafras Field,29,agri_labor,0,1851,
Eleanor,Savannah,1,sanctioned_travel,0,1855,
Eleanor,Savannah,5,sanctioned_travel,0,1857,
Eleanor,White Bluff,16,sanctioned_travel,0,1860,
Fanny,Bartley Field,17,agri_labor,0,1851,
Fanny,Cope Field,9,agri_labor,0,1851,
Fanny,Morel New Ground Field,12,agri_labor,0,1851,
Fanny,"Off Plantation, Unspecified",6,escape_attempt,0,1861,
Fanny,Plantation Core,5,healthcare,0,1850,
Fanny,Plantation Core,8,healthcare,0,1851,
Fanny,Plantation Core,6,healthcare,0,1852,
Fanny,Plantation Core,3,healthcare,0,1853,
Fanny,Plantation Core,71,healthcare,0,1854,
Fanny,Plantation Core,8,healthcare,0,1855,
Fanny,Plantation Core,23,healthcare,0,1856,
Fanny,Plantation Core,42,healthcare,0,1857,
Fanny,Plantation Core,17,healthcare,0,1858,
Fanny,Plantation Core,14,healthcare,0,1859,
Fanny,Plantation Core,53,healthcare,0,1860,
Fanny,Plantation Core,42,healthcare,0,1861,
Fanny,Plantation Core,2,maintenance,0,1855,
Fanny,Plantation Core,1,market_labor,0,1855,
Fanny,Plantation Core,1,market_labor,0,1861,
Fanny,Plantation Core,1,sanctioned_travel,0,1858,
Fanny,Plantation Core,4,sanctioned_travel,0,1861,
Fanny,plantation Core,1,sanctioned_travel,0,1861,
Fanny,Sassafras Field,30,agri_labor,0,1851,
Fanny,Savannah,48,healthcare,0,1858,
Fanny,Savannah,1,sanctioned_travel,0,1858,
Fanny,White Bluff,1,healthcare,0,1858,
Fanny,White Bluff,2,healthcare,0,1861,
Fanny,White Bluff,2,sanctioned_travel,0,1861,
Grace,Plantation Core,32,domestic_labor,0,1850,
Grace,Plantation Core,24,domestic_labor,0,1851,
Grace,Plantation Core,22,domestic_labor,0,1852,
Grace,Plantation Core,30,domestic_labor,0,1853,
Grace,Plantation Core,40,domestic_labor,0,1854,
Grace,Plantation Core,185,domestic_labor,0,1855,
Grace,Plantation Core,58,domestic_labor,0,1856,
Grace,Plantation Core,2,healthcare,0,1849,
Grace,Plantation Core,12,healthcare,0,1853,
Grace,Plantation Core,27,healthcare,0,1854,
Grace,Plantation Core,29,healthcare,0,1855,
Grace,Plantation Core,13,healthcare,0,1856,
Harriett,Bartley Field,16,agri_labor,0,1851,
Harriett,Cope Field,9,agri_labor,0,1851,
Harriett,Morel New Ground Field,11,agri_labor,0,1851,
Harriett,Plantation Core,1,agri_labor,0,1853,
Harriett,Plantation Core,2,healthcare,0,1849,
Harriett,Plantation Core,17,healthcare,0,1850,
Harriett,Plantation Core,9,healthcare,0,1851,
Harriett,Plantation Core,25,healthcare,0,1852,
Harriett,Plantation Core,7,healthcare,0,1853,
Harriett,Plantation Core,19,healthcare,0,1854,
Harriett,Plantation Core,7,healthcare,0,1855,
Harriett,Plantation Core,17,healthcare,0,1856,
Harriett,Plantation Core,10,healthcare,0,1857,
Harriett,Plantation Core,8,healthcare,0,1858,
Harriett,Plantation Core,15,healthcare,0,1859,
Harriett,Plantation Core,14,healthcare,0,1860,
Harriett,Plantation Core,21,healthcare,0,1861,
Harriett,Plantation Core,3,maintenance,0,1855,
Harriett,Plantation Core,1,market_labor,0,1855,
Harriett,Plantation Core,1,sanctioned_travel,0,1856,
Harriett,Plantation Core ,1,sanctioned_travel,0,1858,
Harriett,Sassafras Field,30,agri_labor,0,1851,
Harriett,Sassafras Field,2,healthcare,0,1851,
Harriett,Savannah,64,healthcare,0,1850,
Harriett,Savannah,4,sanctioned_travel,0,1856,
Harriett,Savannah,3,sanctioned_travel,0,1858,
Harriett,White Bluff,2,sanctioned_travel,0,1856,
Harriett,White Bluff,1,sanctioned_travel,0,1858,
Harry,"On Plantation, Unspecified",1,maintenance,1,1855,
Harry,Plantation Core,1,agri_labor,1,1853,
Harry,Plantation Core,1,domestic_labor,1,1849,
Harry,Plantation Core,1,healthcare,1,1849,
Harry,Plantation Core,1,healthcare,1,1853,
Harry,Plantation Core,15,healthcare,1,1856,
Harry,Plantation Core,1,healthcare,1,1857,
Harry,Plantation Core,1,healthcare,1,1858,
Harry,Plantation Core,2,healthcare,1,1861,
Harry,Plantation Core,1,maintenance,1,1855,
Harry,Plantation Core,1,sanctioned_travel,1,1857,
Harry,Plantation Core,1,sanctioned_travel,1,1858,
Harry,Plantation Core ,1,healthcare,1,1849,
Harry,Savannah,1,sanctioned_travel,1,1857,
Harry,Savannah,5,sanctioned_travel,1,1858,
Harry,Savannah,3,sanctioned_travel,1,1859,
Harry,Savannah,1,sanctioned_travel,1,1860,
Harry,White Bluff,1,sanctioned_travel,1,1858,
Harry,White Bluff,2,sanctioned_travel,1,1860,
Jinney,Bartley Field,14,agri_labor,0,1851,
Jinney,Cope Field,9,agri_labor,0,1851,
Jinney,Morel New Ground Field,12,agri_labor,0,1851,
Jinney,"On Plantation, Unspecified",1,maintenance,0,1850,
Jinney,Plantation Core,1,agri_labor,0,1853,
Jinney,Plantation Core,1,domestic_labor,0,1861,
Jinney,Plantation Core,7,healthcare,0,1849,
Jinney,Plantation Core,21,healthcare,0,1850,
Jinney,Plantation Core,10,healthcare,0,1851,
Jinney,Plantation Core,75,healthcare,0,1852,
Jinney,Plantation Core,24,healthcare,0,1853,
Jinney,Plantation Core,73,healthcare,0,1854,
Jinney,Plantation Core,22,healthcare,0,1855,
Jinney,Plantation Core,50,healthcare,0,1856,
Jinney,Plantation Core,11,healthcare,0,1857,
Jinney,Plantation Core,35,healthcare,0,1858,
Jinney,Plantation Core,26,healthcare,0,1859,
Jinney,Plantation Core,25,healthcare,0,1860,
Jinney,Plantation Core,50,healthcare,0,1861,
Jinney,Plantation Core,3,maintenance,0,1855,
Jinney,Plantation Core,1,market_labor,0,1855,
Jinney,Sassafras Field,33,agri_labor,0,1851,
Jinney,Savannah,3,sanctioned_travel,0,1856,
Jinney,Savannah,4,sanctioned_travel,0,1857,
Jinney,Savannah,1,sanctioned_travel,0,1858,
Jinney,Savannah,3,unscheduled_time,0,1855,
Jinney,White Bluff,2,sanctioned_travel,0,1856,
Jinney,White Bluff,1,sanctioned_travel,0,1857,
Jinney,White Bluff,1,sanctioned_travel,0,1858,
John,"Off Plantation, Unspecified",42,escape_attempt,1,1861,
John,"Off Plantation, Unspecified",1,sanctioned_travel,1,1858,
John,Plantation Core,9,punishment,1,1861,
John,Plantation Core,1,sanctioned_travel,1,1861,
John,Savannah,1,sanctioned_travel,1,1859,
John,White Bluff,1,sanctioned_travel,1,1861,
Joshua,Bartley Field,9,agri_labor,1,1851,
Joshua,Cope Field,7,agri_labor,1,1851,
Joshua,Morel New Ground Field,9,agri_labor,1,1851,
Joshua,"On Plantation, Unspecified",1,maintenance,1,1850,
Joshua,Plantation Core,1,agri_labor,1,1851,
Joshua,Plantation Core,2,agri_labor,1,1853,
Joshua,Plantation Core,1,healthcare,1,1849,
Joshua,Plantation Core,3,healthcare,1,1850,
Joshua,Plantation Core,2,healthcare,1,1851,
Joshua,Plantation Core,19,healthcare,1,1852,
Joshua,Plantation Core,9,healthcare,1,1853,
Joshua,Plantation Core,18,healthcare,1,1854,
Joshua,Plantation Core,16,healthcare,1,1855,
Joshua,Plantation Core,49,healthcare,1,1856,
Joshua,Plantation Core,5,maintenance,1,1855,
Joshua,Sassafras Field,29,agri_labor,1,1851,
July,Bartley Field,12,agri_labor,1,1851,
July,Clarkesville,1,sanctioned_travel,1,1858,
July,Cope Field,9,agri_labor,1,1851,
July,Morel New Ground Field,9,agri_labor,1,1851,
July,"Off Plantation, Unspecified",5,escape_attempt,1,1861,
July,"Off Plantation, Unspecified",1,sanctioned_travel,1,1858,
July,Plantation Core,1,agri_labor,1,1853,
July,Plantation Core,15,healthcare,1,1850,
July,Plantation Core,2,healthcare,1,1851,
July,Plantation Core,6,healthcare,1,1852,
July,Plantation Core,1,healthcare,1,1853,
July,Plantation Core,19,healthcare,1,1854,
July,Plantation Core,1,healthcare,1,1855,
July,Plantation Core,18,healthcare,1,1856,
July,Plantation Core,3,healthcare,1,1857,
July,Plantation Core,1,healthcare,1,1858,
July,Plantation Core,3,healthcare,1,1859,
July,Plantation Core,7,healthcare,1,1860,
July,Plantation Core,3,healthcare,1,1861,
July,Plantation Core,2,maintenance,1,1855,
July,Plantation Core,1,market_labor,1,1850,
July,Plantation Core,1,market_labor,1,1855,
July,Plantation Core,2,sanctioned_travel,1,1857,
July,Sassafras Field,20,agri_labor,1,1851,
July,Sassafras Field,1,maintenance,1,1861,
July,Savannah,3,sanctioned_travel,1,1856,
July,White Bluff,1,maintenance,1,1851,
July,White Bluff,2,sanctioned_travel,1,1856,
July,White Bluff,5,sanctioned_travel,1,1857,
Juno,Bartley Field,8,agri_labor,0,1851,
Juno,Cope Field,4,agri_labor,0,1851,
Juno,Morel New Ground Field,4,agri_labor,0,1851,
Juno,"Off Plantation, Unspecified",46,escape_attempt,0,1853,
Juno,Plantation Core,1,agri_labor,0,1853,
Juno,Plantation Core,5,domestic_labor,0,1850,
Juno,Plantation Core,285,domestic_labor,0,1852,
Juno,Plantation Core,280,domestic_labor,0,1853,
Juno,Plantation Core,256,domestic_labor,0,1854,
Juno,Plantation Core,258,domestic_labor,0,1856,
Juno,Plantation Core,296,domestic_labor,0,1857,
Juno,Plantation Core,264,domestic_labor,0,1858,
Juno,Plantation Core,301,domestic_labor,0,1859,
Juno,Plantation Core,306,domestic_labor,0,1860,
Juno,Plantation Core,272,domestic_labor,0,1861,
Juno,Plantation Core,7,healthcare,0,1849,
Juno,Plantation Core,13,healthcare,0,1850,
Juno,Plantation Core,50,healthcare,0,1851,
Juno,Plantation Core,20,healthcare,0,1852,
Juno,Plantation Core,14,healthcare,0,1853,
Juno,Plantation Core,7,healthcare,0,1854,
Juno,Plantation Core,270,healthcare,0,1855,
Juno,Plantation Core,12,healthcare,0,1856,
Juno,Plantation Core,44,healthcare,0,1858,
Juno,Plantation Core,5,healthcare,0,1859,
Juno,Plantation Core,6,healthcare,0,1860,
Juno,Plantation Core,10,punishment,0,1853,
Juno,Plantation Core,1,sanctioned_travel,0,1853,
Juno,Plantation Core,1,sanctioned_travel,0,1857,
Juno,Sassafras Field,16,agri_labor,0,1851,
Juno,Sassafras Field,1,healthcare,0,1851,
Juno,Savannah,3,sanctioned_travel,0,1857,
Juno,Savannah,3,unscheduled_time,0,1855,
Juno,White Bluff,1,sanctioned_travel,0,1857,
Juno's Billy,Bartley Field,17,agri_labor,1,1851,
Juno's Billy,Cope Field,9,agri_labor,1,1851,
Juno's Billy,Morel New Ground Field,12,agri_labor,1,1851,
Juno's Billy,"Off Plantation, Unspecified",47,escape_attempt,1,1853,
Juno's Billy,"Off Plantation, Unspecified",3,escape_attempt,1,1861,
Juno's Billy,"On Plantation, Unspecified",1,maintenance,1,1858,
Juno's Billy,"On Plantation, Unspecified",1,maintenance,1,1861,
Juno's Billy,Plantation Core,2,agri_labor,1,1853,
Juno's Billy,Plantation Core,1,escape_attempt,1,1853,
Juno's Billy,Plantation Core,37,healthcare,1,1850,
Juno's Billy,Plantation Core,3,healthcare,1,1851,
Juno's Billy,Plantation Core,16,healthcare,1,1852,
Juno's Billy,Plantation Core,25,healthcare,1,1853,
Juno's Billy,Plantation Core,13,healthcare,1,1854,
Juno's Billy,Plantation Core,12,healthcare,1,1855,
Juno's Billy,Plantation Core,16,healthcare,1,1856,
Juno's Billy,Plantation Core,10,healthcare,1,1857,
Juno's Billy,Plantation Core,21,healthcare,1,1858,
Juno's Billy,Plantation Core,4,healthcare,1,1859,
Juno's Billy,Plantation Core,7,healthcare,1,1860,
Juno's Billy,Plantation Core,19,healthcare,1,1861,
Juno's Billy,Plantation Core,1,maintenance,1,1850,
Juno's Billy,Plantation Core,3,maintenance,1,1855,
Juno's Billy,Plantation Core,1,market_labor,1,1850,
Juno's Billy,Plantation Core,15,market_labor,1,1851,
Juno's Billy,Plantation Core,20,market_labor,1,1852,
Juno's Billy,Plantation Core,8,market_labor,1,1853,
Juno's Billy,Plantation Core,27,market_labor,1,1854,
Juno's Billy,Plantation Core,8,market_labor,1,1855,
Juno's Billy,Plantation Core,35,market_labor,1,1861,
Juno's Billy,Plantation Core,10,punishment,1,1853,
Juno's Billy,Plantation Core,1,sanctioned_travel,1,1856,
Juno's Billy,Plantation Core,1,sanctioned_travel,1,1861,
Juno's Billy,plantation Core,1,sanctioned_travel,1,1861,
Juno's Billy,Sassafras Field,34,agri_labor,1,1851,
Juno's Billy,Savannah,3,unscheduled_time,1,1855,
Juno's Billy,White Bluff,2,sanctioned_travel,1,1857,
Juno's Billy,White Bluff,1,sanctioned_travel,1,1861,
Jupiter,Plantation Core,3,healthcare,1,1860,
Jupiter,Plantation Core,5,healthcare,1,1861,
Kate,Bartley Field,16,agri_labor,0,1851,
Kate,Bartley Field,1,maintenance,0,1861,
Kate,Cope Field,6,agri_labor,0,1851,
Kate,Cope Field,1,maintenance,0,1861,
Kate,Marsh Field,1,agri_labor,0,1861,
Kate,Morel New Ground Field,10,agri_labor,0,1851,
Kate,"On Plantation, Unspecified",2,agri_labor,0,1853,
Kate,"On Plantation, Unspecified",4,agri_labor,0,1861,
Kate,"On Plantation, Unspecified",9,maintenance,0,1861,
Kate,Plantation Core,2,domestic_labor,0,1861,
Kate,Plantation Core,3,healthcare,0,1849,
Kate,Plantation Core,8,healthcare,0,1850,
Kate,Plantation Core,43,healthcare,0,1851,
Kate,Plantation Core,9,healthcare,0,1852,
Kate,Plantation Core,13,healthcare,0,1853,
Kate,Plantation Core,25,healthcare,0,1854,
Kate,Plantation Core,5,healthcare,0,1855,
Kate,Plantation Core,12,healthcare,0,1856,
Kate,Plantation Core,5,healthcare,0,1857,
Kate,Plantation Core,5,healthcare,0,1858,
Kate,Plantation Core,1,healthcare,0,1859,
Kate,Plantation Core,9,healthcare,0,1860,
Kate,Plantation Core,15,healthcare,0,1861,
Kate,Plantation Core,3,maintenance,0,1855,
Kate,Plantation Core,4,maintenance,0,1861,
Kate,Plantation Core,1,market_labor,0,1855,
Kate,Plantation Core,5,market_labor,0,1861,
Kate,Plantation Core,1,sanctioned_travel,0,1857,
Kate,Pond Field,9,maintenance,0,1861,
Kate,Sassafras Field,30,agri_labor,0,1851,
Kate,Savannah,3,sanctioned_travel,0,1856,
Kate,Savannah,3,sanctioned_travel,0,1857,
Kate,Savannah,3,unscheduled_time,0,1855,
Kate,White Bluff,1,sanctioned_travel,0,1856,
Kate,White Bluff,1,sanctioned_travel,0,1857,
Lee,Bartley Field,8,agri_labor,1,1851,
Lee,Cope Field,9,agri_labor,1,1851,
Lee,Morel New Ground Field,6,agri_labor,1,1851,
Lee,"Off Island, Unspecified",9,sanctioned_travel,1,1849,
Lee,Plantation Core,1,agri_labor,1,1853,
Lee,Plantation Core,10,healthcare,1,1849,
Lee,Plantation Core,10,healthcare,1,1850,
Lee,Plantation Core,35,healthcare,1,1851,
Lee,Plantation Core,39,healthcare,1,1852,
Lee,Plantation Core,42,healthcare,1,1853,
Lee,Plantation Core,117,healthcare,1,1854,
Lee,Plantation Core,39,healthcare,1,1855,
Lee,Plantation Core,2,healthcare,1,1856,
Lee,Plantation Core,74,maintenance,1,1855,
Lee,Plantation Core,183,maintenance,1,1856,
Lee,Sassafras Field,26,agri_labor,1,1851,
Lee,Savannah,2,healthcare,1,1849,
Lee,Savannah,5,sanctioned_travel,1,1849,
Lee,Savannah,3,sanctioned_travel,1,1853,
Lee,White Bluff,1,healthcare,1,1854,
Lee,White Bluff,3,healthcare,1,1859,
Lee,White Bluff,4,sanctioned_travel,1,1857,
Little Jim,Cope Field,1,maintenance,1,1861,
Little Jim,Marsh Field,1,maintenance,1,1861,
Little Jim,"Off Plantation, Unspecified",5,escape_attempt,1,1861,
Little Jim,"On Plantation, Unspecified",1,maintenance,1,1858,
Little Jim,"On Plantation, Unspecified",1,maintenance,1,1861,
Little Jim,Plantation Core,1,agri_labor,1,1853,
Little Jim,Plantation Core,4,healthcare,1,1850,
Little Jim,Plantation Core,50,healthcare,1,1852,
Little Jim,Plantation Core,2,healthcare,1,1853,
Little Jim,Plantation Core,13,healthcare,1,1854,
Little Jim,Plantation Core,7,healthcare,1,1855,
Little Jim,Plantation Core,2,healthcare,1,1856,
Little Jim,Plantation Core,10,healthcare,1,1857,
Little Jim,Plantation Core,5,healthcare,1,1858,
Little Jim,Plantation Core,2,healthcare,1,1859,
Little Jim,Plantation Core,9,healthcare,1,1860,
Little Jim,Plantation Core,10,healthcare,1,1861,
Little Jim,Plantation Core,5,maintenance,1,1855,
Little Jim,Plantation Core,16,market_labor,1,1852,
Little Jim,Plantation Core,1,market_labor,1,1855,
Little Jim,Plantation Core,3,market_labor,1,1861,
Little Jim,Plantation Core,1,sanctioned_travel,1,1852,
Little Jim,Plantation Core,1,sanctioned_travel,1,1853,
Little Jim,Plantation Core,2,sanctioned_travel,1,1858,
Little Jim,Plantation Core,1,sanctioned_travel,1,1860,
Little Jim,Plantation Core,1,sanctioned_travel,1,1861,
Little Jim,Plantation Core,1,unscheduled_time,1,1858,
Little Jim,Rosedew Plantation,3,sanctioned_travel,1,1849,
Little Jim,Sassafras Field,1,maintenance,1,1861,
Little Jim,Savannah,4,sanctioned_travel,1,1850,
Little Jim,Savannah,2,sanctioned_travel,1,1858,
Little Jim,Savannah,2,sanctioned_travel,1,1859,
Little Jim,Savannah,2,sanctioned_travel,1,1861,
Little Jim,Savannah,3,unscheduled_time,1,1858,
Little Jim,White Bluff,2,sanctioned_travel,1,1858,
Little Jim,White Bluff,2,sanctioned_travel,1,1859,
Little Jim,White Bluff,12,sanctioned_travel,1,1860,
Little Jim,White Bluff,1,sanctioned_travel,1,1861,
Little Jim,White Bluff,3,unscheduled_time,1,1858,
Little Jim,Bartley Field,12,agri_labor,1,1851,
Little Jim,Cope Field,7,agri_labor,1,1851,
Little Jim,Morel New Ground Field,10,agri_labor,1,1851,
Little Jim,Plantation Core,5,healthcare,1,1851,
Little Jim,Plantation Core,14,market_labor,1,1851,
Little Jim,Sassafras Field,33,agri_labor,1,1851,
Little Ned,Bartley Field,11,agri_labor,1,1851,
Little Ned,Bartley Field,1,healthcare,1,1851,
Little Ned,Cope Field,7,agri_labor,1,1851,
Little Ned,Marsh Field,1,maintenance,1,1861,
Little Ned,Morel New Ground Field,8,agri_labor,1,1851,
Little Ned,"On Island, Unspecified",1,unscheduled_time,1,1858,
Little Ned,"On Plantation, Unspecified",1,maintenance,1,1849,
Little Ned,"On Plantation, Unspecified",1,sanctioned_travel,1,1850,
Little Ned,Plantation Core,2,healthcare,1,1852,
Little Ned,Plantation Core,7,healthcare,1,1853,
Little Ned,Plantation Core,15,healthcare,1,1854,
Little Ned,Plantation Core,6,healthcare,1,1855,
Little Ned,Plantation Core,4,healthcare,1,1856,
Little Ned,Plantation Core,7,healthcare,1,1857,
Little Ned,Plantation Core,5,healthcare,1,1858,
Little Ned,Plantation Core,4,healthcare,1,1859,
Little Ned,Plantation Core,3,healthcare,1,1860,
Little Ned,Plantation Core,9,healthcare,1,1861,
Little Ned,Plantation Core,4,maintenance,1,1855,
Little Ned,Plantation Core,1,market_labor,1,1850,
Little Ned,Plantation Core,1,sanctioned_travel,1,1857,
Little Ned,Sassafras Field,32,agri_labor,1,1851,
Little Ned,Savannah,3,sanctioned_travel,1,1857,
Little Ned,Savannah,1,sanctioned_travel,1,1858,
Little Ned,White Bluff,1,sanctioned_travel,1,1857,
Little Ned,White Bluff,1,sanctioned_travel,1,1858,
March,"Off Island, Unspecified",8,sanctioned_travel,1,1849,
March,"Off Plantation, Unspecified",1,sanctioned_travel,1,1857,
March,"On Plantation, Unspecified",1,unscheduled_time,1,1855,
March,Plantation Core,12,healthcare,1,1855,
March,Plantation Core,4,healthcare,1,1856,
March,Plantation Core,10,healthcare,1,1857,
March,Plantation Core,15,healthcare,1,1858,
March,Plantation Core,18,healthcare,1,1859,
March,Plantation Core,12,healthcare,1,1860,
March,Plantation Core,11,healthcare,1,1861,
March,Plantation Core,2,market_labor,1,1861,
March,Plantation Core,1,sanctioned_travel,1,1857,
March,Plantation Core,2,sanctioned_travel,1,1861,
March,Savannah,2,sanctioned_travel,1,1855,
March,Savannah,2,sanctioned_travel,1,1859,
March,White Bluff,1,healthcare,1,1861,
March,White Bluff,1,sanctioned_travel,1,1850,
March,White Bluff,1,sanctioned_travel,1,1852,
March,White Bluff,1,sanctioned_travel,1,1857,
March,White Bluff,6,sanctioned_travel,1,1858,
March,White Bluff,2,sanctioned_travel,1,1859,
March,White Bluff,1,sanctioned_travel,1,1861,
Margaret,"On Plantation, Unspecified",1,maintenance,0,1861,
Margaret,Plantation Core,8,healthcare,0,1861,
Margaret,Plantation Core,1,sanctioned_travel,0,1861,
Mary,Bartley Field,15,agri_labor,0,1851,
Mary,Cope Field,8,agri_labor,0,1851,
Mary,Cope Field,1,maintenance,0,1861,
Mary,Morel New Ground Field,12,agri_labor,0,1851,
Mary,"On Plantation, Unspecified",1,agri_labor,0,1849,
Mary,Plantation Core,2,agri_labor,0,1853,
Mary,Plantation Core,4,healthcare,0,1849,
Mary,Plantation Core,17,healthcare,0,1850,
Mary,Plantation Core,10,healthcare,0,1851,
Mary,Plantation Core,13,healthcare,0,1852,
Mary,Plantation Core,28,healthcare,0,1853,
Mary,Plantation Core,29,healthcare,0,1854,
Mary,Plantation Core,27,healthcare,0,1855,
Mary,Plantation Core,24,healthcare,0,1856,
Mary,Plantation Core,32,healthcare,0,1857,
Mary,Plantation Core,24,healthcare,0,1858,
Mary,Plantation Core,19,healthcare,0,1859,
Mary,Plantation Core,14,healthcare,0,1860,
Mary,Plantation Core,11,healthcare,0,1861,
Mary,Plantation Core,1,maintenance,0,1855,
Mary,Sassafras Field,34,agri_labor,0,1851,
Mary,White Bluff,1,sanctioned_travel,0,1861,
Mira,Plantation Core,1,agri_labor,0,1853,
Mira,Plantation Core,306,domestic_labor,0,1857,
Mira,Plantation Core,13,healthcare,0,1852,
Mira,Plantation Core,23,healthcare,0,1853,
Mira,Plantation Core,34,healthcare,0,1854,
Mira,Plantation Core,9,healthcare,0,1855,
Mira,Plantation Core,20,healthcare,0,1856,
Mira,Plantation Core,21,healthcare,0,1857,
Mira,Plantation Core,26,healthcare,0,1858,
Mira,Plantation Core,37,healthcare,0,1859,
Mira,Plantation Core,32,healthcare,0,1860,
Mira,Plantation Core,18,healthcare,0,1861,
Mira,Plantation Core,4,maintenance,0,1855,
Mira,Plantation Core,1,sanctioned_travel,0,1857,
Mira,Plantation Core,3,sanctioned_travel,0,1861,
Mira,Savannah,1,sanctioned_travel,0,1854,
Mira,Savannah,1,sanctioned_travel,0,1856,
Mira,Savannah,2,sanctioned_travel,0,1859,
Mira,Savannah,1,sanctioned_travel,0,1860,
Mira,Savannah,1,sanctioned_travel,0,1861,
Mira,Savannah,3,unscheduled_time,0,1855,
Mira,St. Catherines Island,1,sanctioned_travel,0,1852,
Mira,White Bluff,28,healthcare,0,1860,
Mira,White Bluff,3,sanctioned_travel,0,1857,
Mira,White Bluff,1,sanctioned_travel,0,1860,
Mira,White Bluff,2,sanctioned_travel,0,1861,
Moosa,Bartley Field,14,agri_labor,1,1851,
Moosa,Bartley Field,1,healthcare,1,1851,
Moosa,Clarkesville,1,healthcare,1,1854,
Moosa,Clarkesville,9,sanctioned_travel,1,1854,
Moosa,Cope Field,9,agri_labor,1,1851,
Moosa,Marsh Field,1,maintenance,1,1861,
Moosa,Middle Place Plantation,1,sanctioned_travel,1,1853,
Moosa,Morel New Ground Field,12,agri_labor,1,1851,
Moosa,"On Island, Unspecified",1,unscheduled_time,1,1858,
Moosa,"On Plantation, Unspecified",1,maintenance,1,1849,
Moosa,Plantation Core,1,agri_labor,1,1853,
Moosa,Plantation Core,3,healthcare,1,1850,
Moosa,Plantation Core,3,healthcare,1,1852,
Moosa,Plantation Core,1,healthcare,1,1853,
Moosa,Plantation Core,55,healthcare,1,1854,
Moosa,Plantation Core,7,healthcare,1,1855,
Moosa,Plantation Core,20,healthcare,1,1856,
Moosa,Plantation Core,2,healthcare,1,1857,
Moosa,Plantation Core,2,healthcare,1,1858,
Moosa,Plantation Core,3,healthcare,1,1859,
Moosa,Plantation Core,9,healthcare,1,1860,
Moosa,Plantation Core,10,healthcare,1,1861,
Moosa,Plantation Core,4,maintenance,1,1855,
Moosa,Plantation Core,1,sanctioned_travel,1,1853,
Moosa,Plantation Core,1,sanctioned_travel,1,1858,
Moosa,Plantation Core,1,sanctioned_travel,1,1861,
Moosa,Sassafras Field,33,agri_labor,1,1851,
Moosa,Sassafras Field,1,maintenance,1,1861,
Moosa,Savannah,2,sanctioned_travel,1,1853,
Moosa,Savannah,3,sanctioned_travel,1,1856,
Moosa,Savannah,3,sanctioned_travel,1,1858,
Moosa,Savannah,3,unscheduled_time,1,1855,
Moosa,White Bluff,2,sanctioned_travel,1,1856,
Moosa,White Bluff,3,sanctioned_travel,1,1858,
Norris,Plantation Core,11,healthcare,1,1853,
Norris,Plantation Core,9,healthcare,1,1854,
Norris,Plantation Core,15,healthcare,1,1855,
Norris,Plantation Core,19,healthcare,1,1856,
Norris,Plantation Core,10,healthcare,1,1857,
Norris,Plantation Core,10,healthcare,1,1858,
Norris,Plantation Core,9,healthcare,1,1859,
Norris,Plantation Core,12,healthcare,1,1860,
Norris,Plantation Core,18,healthcare,1,1861,
Norris,Plantation Core,1,sanctioned_travel,1,1858,
Norris,Savannah,1,sanctioned_travel,1,1859,
Norris,White Bluff,3,sanctioned_travel,1,1858,
Norris,White Bluff,1,sanctioned_travel,1,1859,
Norris,White Bluff,1,sanctioned_travel,1,1861,
Peter,"On Plantation, Unspecified",1,maintenance,1,1861,
Peter,Plantation Core,1,domestic_labor,1,1861,
Peter,Plantation Core,4,healthcare,1,1860,
Peter,Plantation Core,1,healthcare,1,1861,
Peter,Plantation Core,5,maintenance,1,1861,
Peter,White Bluff,2,sanctioned_travel,1,1861,
Phillis,Bartley Field,15,agri_labor,0,1851,
Phillis,Cope Field,9,agri_labor,0,1851,
Phillis,Morel New Ground Field,12,agri_labor,0,1851,
Phillis,"Off Plantation, Unspecified",2,escape_attempt,0,1861,
Phillis,"On Island, Unspecified",1,unscheduled_time,0,1857,
Phillis,Plantation Core,1,agri_labor,0,1853,
Phillis,Plantation Core,1,domestic_labor,0,1854,
Phillis,Plantation Core,289,domestic_labor,0,1861,
Phillis,Plantation Core,2,healthcare,0,1849,
Phillis,Plantation Core,46,healthcare,0,1850,
Phillis,Plantation Core,13,healthcare,0,1851,
Phillis,Plantation Core,102,healthcare,0,1852,
Phillis,Plantation Core,22,healthcare,0,1853,
Phillis,Plantation Core,52,healthcare,0,1854,
Phillis,Plantation Core,42,healthcare,0,1855,
Phillis,Plantation Core,46,healthcare,0,1856,
Phillis,Plantation Core,11,healthcare,0,1857,
Phillis,Plantation Core,14,healthcare,0,1858,
Phillis,Plantation Core,51,healthcare,0,1859,
Phillis,Plantation Core,5,healthcare,0,1860,
Phillis,Plantation Core,4,healthcare,0,1861,
Phillis,Plantation Core,3,maintenance,0,1855,
Phillis,Plantation Core,2,maintenance,0,1857,
Phillis,Plantation Core,1,market_labor,0,1855,
Phillis,Plantation Core,1,sanctioned_travel,0,1858,
Phillis,Plantation Core,1,sanctioned_travel,0,1859,
Phillis,Plantation Core,1,sanctioned_travel,0,1860,
Phillis,Sassafras Field,32,agri_labor,0,1851,
Phillis,Savannah,1,sanctioned_travel,0,1854,
Phillis,Savannah,3,sanctioned_travel,0,1856,
Phillis,Savannah,3,sanctioned_travel,0,1858,
Phillis,Savannah,3,sanctioned_travel,0,1859,
Phillis,White Bluff,1,healthcare,0,1860,
Phillis,White Bluff,2,sanctioned_travel,0,1856,
Phillis,White Bluff,1,sanctioned_travel,0,1858,
Phillis,White Bluff,8,sanctioned_travel,0,1859,
Phillis,White Bluff,1,sanctioned_travel,0,1860,
Prince,Bartley Field,1,agri_labor,1,1849,
Prince,"Off Plantation, Unspecified",2,escape_attempt,1,1861,
Prince,"On Plantation, Unspecified",12,agri_labor,1,1849,
Prince,"On Plantation, Unspecified",38,maintenance,1,1849,
Prince,"On Plantation, Unspecified",4,maintenance,1,1861,
Prince,Plantation Core,2,healthcare,1,1849,
Prince,Plantation Core,5,healthcare,1,1850,
Prince,Plantation Core,1,healthcare,1,1852,
Prince,Plantation Core,1,healthcare,1,1861,
Prince,Plantation Core,60,maintenance,1,1861,
Prince,Plantation Core,1,sanctioned_travel,1,1861,
Prince,Savannah,12,sanctioned_travel,1,1849,
Prince,Savannah,8,sanctioned_travel,1,1850,
Prince,White Bluff,1,sanctioned_travel,1,1850,
Rose,Clarkesville,12,sanctioned_travel,0,1855,
Rose,"Off Plantation, Unspecified",6,escape_attempt,0,1861,
Rose,"Off Plantation, Unspecified",1,sanctioned_travel,0,1854,
Rose,Plantation Core,6,healthcare,0,1855,
Rose,Plantation Core,25,healthcare,0,1856,
Rose,Plantation Core,26,healthcare,0,1858,
Rose,Plantation Core,13,healthcare,0,1859,
Rose,Plantation Core,19,healthcare,0,1860,
Rose,Plantation Core,48,healthcare,0,1861,
Rose,Plantation Core,1,maintenance,0,1855,
Rose,Plantation Core,1,maintenance,0,1859,
Rose,Plantation Core,1,market_labor,0,1855,
Rose,Plantation Core,2,market_labor,0,1861,
Rose,Plantation Core,1,sanctioned_travel,0,1861,
Rose,Plantation Core,1,unscheduled_time,0,1855,
Rose,Savannah,15,sanctioned_travel,0,1855,
Rose,Savannah,4,unscheduled_time,0,1855,
Sam,Marsh Field ,1,maintenance,1,1861,
Sam,Plantation Core,1,agri_labor,1,1853,
Sam,Plantation Core,7,healthcare,1,1850,
Sam,Plantation Core,6,healthcare,1,1852,
Sam,Plantation Core,87,healthcare,1,1853,
Sam,Plantation Core,32,healthcare,1,1854,
Sam,Plantation Core,4,healthcare,1,1855,
Sam,Plantation Core,15,healthcare,1,1856,
Sam,Plantation Core,28,healthcare,1,1857,
Sam,Plantation Core,13,healthcare,1,1858,
Sam,Plantation Core,24,healthcare,1,1859,
Sam,Plantation Core,18,healthcare,1,1860,
Sam,Plantation Core,54,healthcare,1,1861,
Sam,Plantation Core,1,maintenance,1,1852,
Sam,Plantation Core,1,maintenance,1,1853,
Sam,Plantation Core,2,maintenance,1,1855,
Sam,Plantation Core,3,maintenance,1,1856,
Sam,Plantation Core,1,maintenance,1,1857,
Sam,Plantation Core,1,maintenance,1,1859,
Sam,Plantation Core,1,maintenance,1,1861,
Sam,Plantation Core,2,market_labor,1,1850,
Sam,Plantation Core,1,sanctioned_travel,1,1857,
Sam,Plantation Core,2,sanctioned_travel,1,1858,
Sam,Plantation Core,3,sanctioned_travel,1,1861,
Sam,Sassafras Field,1,maintenance,1,1861,
Sam,Savannah,1,sanctioned_travel,1,1853,
Sam,Savannah,2,sanctioned_travel,1,1857,
Sam,Savannah,3,sanctioned_travel,1,1858,
Sam,White Bluff,6,sanctioned_travel,1,1858,
Sam,White Bluff,2,sanctioned_travel,1,1861,
Sam,White Bluff,1,unscheduled_time,1,1858,
Sam,Bartley Field,10,agri_labor,1,1851,
Sam,Cope Field,7,agri_labor,1,1851,
Sam,Morel New Ground Field,10,agri_labor,1,1851,
Sam,Plantation Core,2,healthcare,1,1851,
Sam,Sassafras Field,31,agri_labor,1,1851,
Siah,"Off Plantation, Unspecified",3,escape_attempt,1,1861,
Siah,Plantation Core,9,healthcare,1,1856,
Siah,Plantation Core,3,healthcare,1,1857,
Siah,Plantation Core,3,healthcare,1,1858,
Siah,Plantation Core,7,healthcare,1,1860,
Siah,Plantation Core,5,healthcare,1,1861,
Siah,Plantation Core,2,maintenance,1,1856,
Siah,Plantation Core,2,maintenance,1,1857,
Siah,Plantation Core,1,maintenance,1,1860,
Siah,Plantation Core,1,sanctioned_travel,1,1857,
Siah,Plantation Core,1,sanctioned_travel,1,1858,
Siah,Plantation Core,1,sanctioned_travel,1,1861,
Siah,Sassafras Field,1,maintenance,1,1861,
Siah,Savannah,3,sanctioned_travel,1,1857,
Siah,Savannah,3,sanctioned_travel,1,1858,
Siah,Warsaw Island,1,sanctioned_travel,1,1861,
Siah,White Bluff,1,sanctioned_travel,1,1857,
Siah,White Bluff,1,sanctioned_travel,1,1858,
Smart,Bartley Field,17,agri_labor,1,1851,
Smart,Cope Field,9,agri_labor,1,1851,
Smart,Cope Field ,1,maintenance,1,1861,
Smart,Morel New Ground Field,11,agri_labor,1,1851,
Smart,North End Plantation,1,sanctioned_travel,1,1859,
Smart,"On Plantation, Unspecified",1,maintenance,1,1850,
Smart,Plantation Core,2,agri_labor,1,1853,
Smart,Plantation Core,1,healthcare,1,1849,
Smart,Plantation Core,6,healthcare,1,1850,
Smart,Plantation Core,4,healthcare,1,1851,
Smart,Plantation Core,17,healthcare,1,1852,
Smart,Plantation Core,4,healthcare,1,1853,
Smart,Plantation Core,20,healthcare,1,1854,
Smart,Plantation Core,3,healthcare,1,1855,
Smart,Plantation Core,20,healthcare,1,1856,
Smart,Plantation Core,5,healthcare,1,1857,
Smart,Plantation Core,5,healthcare,1,1859,
Smart,Plantation Core,18,healthcare,1,1860,
Smart,Plantation Core,4,healthcare,1,1861,
Smart,Plantation Core,2,maintenance,1,1853,
Smart,Plantation Core,1,maintenance,1,1854,
Smart,Plantation Core,5,maintenance,1,1855,
Smart,Plantation Core,3,maintenance,1,1856,
Smart,Plantation Core,2,maintenance,1,1857,
Smart,Plantation Core,2,maintenance,1,1860,
Smart,Plantation Core,1,maintenance,1,1861,
Smart,Plantation Core,3,market_labor,1,1861,
Smart,Plantation Core,1,sanctioned_travel,1,1857,
Smart,Plantation Core,1,sanctioned_travel,1,1858,
Smart,Plantation Core,2,sanctioned_travel,1,1861,
Smart,Sassafras Field,33,agri_labor,1,1851,
Smart,Savannah,3,sanctioned_travel,1,1856,
Smart,Savannah,3,sanctioned_travel,1,1857,
Smart,Savannah,3,unscheduled_time,1,1855,
Smart,White Bluff,2,sanctioned_travel,1,1856,
Smart,White Bluff,1,sanctioned_travel,1,1857,
Smart,White Bluff,2,sanctioned_travel,1,1858,
Smart,White Bluff,4,sanctioned_travel,1,1860,
Smart,White Bluff,1,sanctioned_travel,1,1861,
Sue,Bartley Field,15,agri_labor,0,1851,
Sue,Clarkesville,2,healthcare,0,1853,
Sue,Cope Field,9,agri_labor,0,1851,
Sue,Home Field,2,maintenance,0,1849,
Sue,Morel New Ground Field,11,agri_labor,0,1851,
Sue,"On Island, Unspecified",2,unscheduled_time,0,1857,
Sue,Plantation Core,4,domestic_labor,0,1850,
Sue,Plantation Core,1,domestic_labor,0,1854,
Sue,Plantation Core,36,healthcare,0,1849,
Sue,Plantation Core,29,healthcare,0,1850,
Sue,Plantation Core,46,healthcare,0,1851,
Sue,Plantation Core,23,healthcare,0,1852,
Sue,Plantation core,24,healthcare,0,1852,
Sue,Plantation Core,8,healthcare,0,1853,
Sue,Plantation Core,60,healthcare,0,1854,
Sue,Plantation Core,63,healthcare,0,1855,
Sue,Plantation Core,23,healthcare,0,1856,
Sue,Plantation Core,5,healthcare,0,1857,
Sue,Plantation Core,19,healthcare,0,1858,
Sue,Plantation Core,29,healthcare,0,1859,
Sue,Plantation Core,36,healthcare,0,1860,
Sue,Plantation Core,27,healthcare,0,1861,
Sue,Plantation Core,1,maintenance,0,1852,
Sue,Plantation Core,2,maintenance,0,1854,
Sue,Plantation Core,3,maintenance,0,1855,
Sue,Plantation Core,1,maintenance,0,1859,
Sue,Plantation Core,2,maintenance,0,1860,
Sue,Plantation Core,1,maintenance,0,1861,
Sue,Plantation Core,1,market_labor,0,1855,
Sue,Plantation Core,1,punishment,0,1852,
Sue,Plantation Core,1,sanctioned_travel,0,1858,
Sue,Plantation Core,2,sanctioned_travel,0,1859,
Sue,Plantation Core,1,sanctioned_travel,0,1861,
Sue,Sassafras Field,33,agri_labor,0,1851,
Sue,Savannah,2,healthcare,0,1851,
Sue,Savannah,2,healthcare,0,1852,
Sue,Savannah,12,sanctioned_travel,0,1850,
Sue,Savannah,4,sanctioned_travel,0,1856,
Sue,Savannah,3,sanctioned_travel,0,1858,
Sue,Savannah,3,sanctioned_travel,0,1859,
Sue,White Bluff,2,sanctioned_travel,0,1856,
Sue,White Bluff,2,sanctioned_travel,0,1860,
Sue,White Bluff,1,sanctioned_travel,0,1861,
Sue,White Bluff,1,unscheduled_time,0,1858,
Susan,Plantation Core,9,healthcare,0,1859,
Susan,Plantation Core,25,healthcare,0,1860,
Susan,Plantation Core,29,healthcare,0,1861,
Susan,Plantation Core,2,maintenance,0,1860,
Thomas,Plantation Core,11,healthcare,1,1857,
Thomas,White Bluff,2,healthcare,1,1857,
Thomas,White Bluff,1,sanctioned_travel,1,1857,
Tumbler,"On Plantation, Unspecified",15,maintenance,1,1850,
Tumbler,Plantation Core,1,healthcare,1,1851,
William,Bartley Field,9,agri_labor,1,1851,
William,Cope Field,7,agri_labor,1,1851,
William,Morel New Ground Field,10,agri_labor,1,1851,
William,"Off Plantation, Unspecified",96,escape_attempt,1,1853,
William,"On Island, Unspecified",1,maintenance,1,1857,
William,"On Plantation, Unspecified",3,agri_labor,1,1853,
William,"On Plantation, Unspecified",3,maintenance,1,1850,
William,Plantation Core,1,escape_attempt,1,1853,
William,Plantation Core,54,healthcare,1,1852,
William,Plantation Core,33,healthcare,1,1853,
William,Plantation Core,92,healthcare,1,1854,
William,Plantation Core,7,healthcare,1,1855,
William,Plantation Core,18,healthcare,1,1856,
William,Plantation Core,21,healthcare,1,1857,
William,Plantation Core,16,healthcare,1,1858,
William,Plantation Core,9,healthcare,1,1859,
William,Plantation Core,11,healthcare,1,1860,
William,Plantation Core,27,healthcare,1,1861,
William,Plantation Core,3,maintenance,1,1855,
William,Plantation Core,5,market_labor,1,1860,
William,Plantation Core,10,punishment,1,1853,
William,Plantation Core,1,sanctioned_travel,1,1854,
William,Plantation Core,1,sanctioned_travel,1,1858,
William,Plantation Core,1,sanctioned_travel,1,1861,
William,Plantation Core ,11,healthcare,1,1849,
William,Plantation Core ,15,healthcare,1,1850,
William,Plantation Core ,8,healthcare,1,1851,
William,Sassafras Field,31,agri_labor,1,1851,
William,Savannah,3,sanctioned_travel,1,1856,
William,Savannah,3,sanctioned_travel,1,1858,
William,White Bluff,1,sanctioned_travel,1,1850,
William,White Bluff,2,sanctioned_travel,1,1856,
William,White Bluff,1,sanctioned_travel,1,1858,
William,White Bluff,2,sanctioned_travel,1,1861,
York,Bartley Field,15,agri_labor,1,1851,
York,Cope Field,9,agri_labor,1,1851,
York,Marsh Field ,1,maintenance,1,1861,
York,Morel New Ground Field,12,agri_labor,1,1851,
York,"Off Plantation, Unspecified",7,escape_attempt,1,1853,
York,"Off Plantation, Unspecified",6,escape_attempt,1,1861,
York,"Off Plantation, Unspecified",1,sanctioned_travel,1,1850,
York,"On Plantation, Unspecified",1,agri_labor,1,1851,
York,"On Plantation, Unspecified",1,agri_labor,1,1853,
York,"On Plantation, Unspecified",2,maintenance,1,1849,
York,Plantation Core,1,agri_labor,1,1851,
York,Plantation Core,1,agri_labor,1,1853,
York,Plantation Core,5,healthcare,1,1849,
York,Plantation Core,1,healthcare,1,1850,
York,Plantation Core,6,healthcare,1,1851,
York,Plantation Core,26,healthcare,1,1852,
York,Plantation Core,27,healthcare,1,1853,
York,Plantation Core,12,healthcare,1,1854,
York,Plantation Core,11,healthcare,1,1855,
York,Plantation Core,18,healthcare,1,1856,
York,Plantation Core,15,healthcare,1,1857,
York,Plantation Core,10,healthcare,1,1858,
York,Plantation Core,21,healthcare,1,1859,
York,Plantation Core,21,healthcare,1,1860,
York,Plantation Core,19,healthcare,1,1861,
York,Plantation Core,4,maintenance,1,1855,
York,Plantation Core,2,market_labor,1,1850,
York,Plantation Core,5,market_labor,1,1860,
York,Plantation core,1,sanctioned_travel,1,1852,
York,Plantation Core,1,sanctioned_travel,1,1853,
York,Plantation Core,1,sanctioned_travel,1,1858,
York,Sassafras Field,33,agri_labor,1,1851,
York,Sassafras Field,1,maintenance,1,1861,
York,Savannah,2,healthcare,1,1852,
York,Savannah,1,sanctioned_travel,1,1852,
York,Savannah,33,sanctioned_travel,1,1855,
York,Savannah,3,sanctioned_travel,1,1858,
York,White Bluff,1,sanctioned_travel,1,1858,
